cache_hit,case_id,category,completion_tokens,correct,exact_match,gold_answer,latency_ms_trace,policy_name,prediction,prompt_tokens,question,span_match,total_tokens
False,08e075c7,knowledge-update,32,True,True,9 months,49.413597815146204,official_mem0,9 months,455,How long have I been using my Fitbit Charge 3?,True,487
False,0ddfec37_abs,knowledge-update,32,False,False,The information provided is not enough. You mentioned collecting autographed baseball but not football.,49.666473187244264,official_mem0,ABSTAIN,450,How many autographed football have I added to my collection in the first three months of collection?,False,482
False,0f05491a,knowledge-update,32,False,False,120,48.43730375068844,official_mem0,125 stars,485,How many stars do I need to reach the gold level on my Starbucks Rewards app?,False,517
False,10e09553,knowledge-update,32,True,True,7,49.666473187244264,official_mem0,7,480,How many largemouth bass did I catch with Alex on the earlier fishing trip to Lake Michigan before the 7/22 trip?,True,512
False,2698e78f,knowledge-update,32,False,False,every week,75.95898981162463,official_mem0,every two weeks,497,"How often do I see my therapist, Dr. Smith?",False,529
False,2698e78f_abs,knowledge-update,32,False,False,The information provided is not enough. You mentioned seeing Dr. Smith but not Dr. Johnson.,49.413597815146204,official_mem0,ABSTAIN,461,How often do I see Dr. Johnson?,False,493
False,42ec0761,knowledge-update,32,False,False,Yes,49.413597815146204,official_mem0,User has a spare screwdriver for cleaning their laptop fans,431,Do I have a spare screwdriver for opening up my laptop?,False,463
False,5c40ec5b,knowledge-update,32,True,False,We've met up twice.,49.413597815146204,official_mem0,twice,443,How many times have I met up with Alex from Germany?,True,475
False,6a1eabeb,knowledge-update,32,False,False,25 minutes and 50 seconds (or 25:50),49.413597815146204,official_mem0,27:12,438,What was my personal best time in the charity 5K run?,False,470
False,89941a94,knowledge-update,32,False,False,Yes. (You have a road bike too.),49.666473187244264,official_mem0,"User currently has three bikes: a road bike, a mountain bike, and a commuter bike",465,"Before I purchased the gravel bike, do I have other bikes in addition to my mountain bike and my commuter bike?",False,497
False,8fb83627,knowledge-update,32,True,True,Five,48.43730375068844,official_mem0,five,449,How many issues of National Geographic have I finished reading?,True,481
False,e61a7584,knowledge-update,32,False,False,9 months,49.413597815146204,official_mem0,9-month-old,437,"How long have I had my cat, Luna?",False,469
False,ed4ddc30,knowledge-update,32,False,False,20,48.43730375068844,official_mem0,30,458,How many dozen eggs do we currently have stocked up in our refrigerator?,False,490
False,078150f1,multi-session,32,False,False,$50,48.43730375068844,official_mem0,User participated in a charity cycling event and exceeded their fundraising goal.,458,How much more money did I raise than my initial goal in the charity cycling event?,False,490
False,0a995998,multi-session,32,False,False,3,48.43730375068844,official_mem0,User is looking for tips on how to keep track of items they need to pick up or return.,459,How many items of clothing do I need to pick up or return from a store?,False,491
False,157a136e,multi-session,32,False,False,43,49.413597815146204,official_mem0,75,445,How many years older is my grandma than me?,False,477
False,1a8a66a6,multi-session,32,False,False,2,49.666473187244264,official_mem0,None,461,How many magazine subscriptions do I currently have?,False,493
False,27016adc,multi-session,32,False,False,10%,49.666473187244264,official_mem0,No valid percentage value is provided in the memory for the cost of renovations on a countryside property.,457,What percentage of the countryside property's price is the cost of the renovations I plan to do on my current house?,False,489
False,2b8f3739,multi-session,32,False,False,$495,49.666473187244264,official_mem0,$120,505,What is the total amount of money I earned from selling my products at the markets?,False,537
False,37f165cf,multi-session,32,False,False,856,75.95898981162463,official_mem0,440,495,What was the page count of the two novels I finished in January and March?,False,527
False,4bc144e2,multi-session,32,False,False,$65,49.666473187244264,official_mem0,$15,494,How much did I spend on car wash and parking ticket?,False,526
False,4f54b7c9,multi-session,32,False,False,5,48.43730375068844,official_mem0,3,451,How many antique items did I inherit or acquire from my family members?,False,483
False,55241a1f,multi-session,32,False,False,33,75.95898981162463,official_mem0,12,484,What is the total number of comments on my recent Facebook Live session and my most popular YouTube video?,False,516
False,60036106,multi-session,32,False,False,"12,000",48.43730375068844,official_mem0,"2,000",452,What was the total number of people reached by my Facebook ad campaign and Instagram influencer collaboration?,False,484
False,60bf93ed_abs,multi-session,32,False,False,The information provided is not enough. You did not mention buying an iPad case.,49.666473187244264,official_mem0,ABSTAIN,472,How many days did it take for my iPad case to arrive after I bought it?,False,504
False,67e0d0f2,multi-session,32,False,False,20,75.95898981162463,official_mem0,12,489,What is the total number of online courses I've completed?,False,521
False,681a1674,multi-session,32,False,False,2,48.43730375068844,official_mem0,User is interested in Marvel movies and re-watched Spider-Man: No Way Home.,461,How many Marvel movies did I re-watch?,False,493
False,77eafa52,multi-session,32,False,False,$300,49.413597815146204,official_mem0,"The corrected price for the entire trip is $2,800",442,How much more did I have to pay for the trip after the initial quote?,False,474
False,80ec1f4f_abs,multi-session,32,False,False,0. You did not mention visitng any museum in December,75.95898981162463,official_mem0,ABSTAIN,468,How many different museums or galleries did I visit in December?,False,500
False,88432d0a,multi-session,32,False,False,4,49.413597815146204,official_mem0,User has been using the convection setting in the oven for baking cookies,454,How many times did I bake something in the past two weeks?,False,486
False,8e91e7d9,multi-session,32,False,False,4,75.95898981162463,official_mem0,"The memory provided does not contain any information about the user's siblings. Therefore, I cannot determine the total number of siblings the user has from this memory.",522,What is the total number of siblings I have?,False,554
False,9aaed6a3,multi-session,32,False,False,$0.75,49.413597815146204,official_mem0,1%,447,How much cashback did I earn at SaveMart last Thursday?,False,479
False,a346bb18,multi-session,32,False,False,12,49.666473187244264,official_mem0,The memory does not contain the specific information about exceeding the target time by a certain number of minutes in a marathon. All provided records are about general marathon preparation and,472,How many minutes did I exceed my target time by in the marathon?,False,504
False,aae3761f,multi-session,32,False,False,15 hours for getting to the three destinations (or 30 hours for the round trip),49.666473187244264,official_mem0,No valid value found in memory for the total hours spent driving to the three road trip destinations combined.,468,How many hours in total did I spend driving to my three road trip destinations combined?,False,500
False,bf659f65,multi-session,32,False,False,3,49.666473187244264,official_mem0,2,452,How many music albums or EPs have I purchased or downloaded?,False,484
False,c18a7dc8,multi-session,32,False,False,7,49.413597815146204,official_mem0,25,428,How many years older am I than when I graduated from college?,False,460
False,d3ab962e,multi-session,32,False,False,8 miles,48.43730375068844,official_mem0,NA,441,What is the total distance of the hikes I did on two consecutive weekends?,False,473
False,d905b33f,multi-session,32,False,False,20%,75.95898981162463,official_mem0,None,512,What percentage discount did I get on the book from my favorite author?,False,544
False,e25c3b8d,multi-session,32,False,False,$300,49.666473187244264,official_mem0,No valid value found in memory for the amount saved on the designer handbag at TK Maxx.,469,How much did I save on the designer handbag at TK Maxx?,False,501
False,eeda8a6d,multi-session,32,False,False,17,75.95898981162463,official_mem0,18,505,How many fish are there in total in both of my aquariums?,False,537
False,gpt4_31ff4165,multi-session,32,False,False,4,75.95898981162463,official_mem0,3,512,How many health-related devices do I use in a day?,False,544
False,gpt4_59c863d7,multi-session,32,False,False,"I have worked on or bought five model kits. The scales of the models are: Revell F-15 Eagle (scale not mentioned), Tamiya 1/48 scale Spitfire Mk.V, 1/16 scale German Tiger I tank, 1/72 scale B-29 bomber, and 1/24 scale '69 Camaro.",49.413597815146204,official_mem0,4,504,How many model kits have I worked on or bought?,False,536
False,gpt4_ab202e7f,multi-session,32,False,False,"I replaced or fixed five items: the kitchen faucet, the kitchen mat, the toaster, the coffee maker, and the kitchen shelves.",49.413597815146204,official_mem0,3,439,How many kitchen items did I replace or fix?,False,471
False,gpt4_f2262a51,multi-session,32,False,False,"I visited three different doctors: a primary care physician, an ENT specialist, and a dermatologist.",75.95898981162463,official_mem0,3,483,How many different doctors did I visit?,False,515
False,06878be2,single-session-preference,32,False,False,The user would prefer suggestions of Sony-compatible accessories or high-quality photography gear that can enhance their photography experience. They may not prefer suggestions of other brands' equipment or low-quality gear.,75.95898981162463,official_mem0,"Think Tank Photo, Lowepro, F-Stop Gear, Peak Design, and MindShift Gear",483,Can you suggest some accessories that would complement my current photography setup?,False,515
False,06f04340,single-session-preference,32,False,False,"The user would prefer dinner suggestions that incorporate their homegrown cherry tomatoes and herbs like basil and mint, highlighting recipes that showcase their garden produce. They might not prefer suggestions that do not utilize these specific ingredients or do not emphasize the use of homegrown elements.",75.95898981162463,official_mem0,"User is interested in trying various lunch ideas such as grilled chicken and berry salad, Mediterranean mash-up, roasted veggie delight, tuna salad Niçoise, autumn",508,What should I serve for dinner this weekend with my homegrown ingredients?,False,540
False,0edc2aef,single-session-preference,32,False,False,"The user would prefer suggestions of hotels in Miami that offer great views, possibly of the ocean or the city skyline, and have unique features such as a rooftop pool or a hot tub on the balcony. They may not prefer suggestions of basic or budget hotels without these features.",75.95898981162463,official_mem0,The Edgewater Hotel,485,Can you suggest a hotel for my upcoming trip to Miami?,False,517
False,1da05512,single-session-preference,32,False,False,"The user would prefer responses that take into account their current home network storage capacity issues and recent reliance on external hard drives, highlighting the potential benefits of a NAS device in addressing these specific needs. They might not prefer responses that ignore their current storage challenges or fail to consider their recent tech upgrades and priorities. Preferred responses would utilize the user's previous mentions of storage capacity issues and tech investments to inform their decision.",48.43730375068844,official_mem0,User is experiencing issues with home network storage capacity and is considering getting a NAS device,448,I'm trying to decide whether to buy a NAS device now or wait. What do you think?,False,480
False,57f827a0,single-session-preference,32,False,False,"The user would prefer responses that take into account their existing plans to replace the bedroom dresser and their interest in mid-century modern style, suggesting furniture layouts that accommodate the new dresser and incorporate elements of this design aesthetic. They might not prefer general furniture arrangement tips or suggestions that do not consider their specific design preferences.",48.43730375068844,official_mem0,"Walnut is a classic choice for mid-century modern furniture, known for its rich, dark brown color and distinctive grain pattern; Brass accents and simple knobs are recommended",466,I was thinking about rearranging the furniture in my bedroom this weekend. Any tips?,False,498
False,8a2466db,single-session-preference,32,False,False,"The user would prefer responses that suggest resources specifically tailored to Adobe Premiere Pro, especially those that delve into its advanced settings. They might not prefer general video editing resources or resources related to other video editing software.",75.95898981162463,official_mem0,"User was recommended online resources for photography techniques and camera maintenance, including YouTube channels, forums, websites, and specific books.",475,Can you recommend some resources where I can learn more about video editing?,False,507
False,95228167,single-session-preference,32,False,False,"The user would prefer responses that highlight the differences between Fender Stratocaster and Gibson Les Paul electric guitars, such as the feel of the neck, weight, and sound profile. They might not prefer general tips on buying an electric guitar or suggestions that do not take into account their current guitar and desired upgrade.",48.43730375068844,official_mem0,User is thinking about switching from a Fender Stratocaster to a Gibson Les Paul for guitar playing.,470,I'm getting excited about my visit to the music store this weekend. Any tips on what to look for in a new guitar?,False,502
False,b6025781,single-session-preference,32,False,False,"The user would prefer responses that suggest healthy meal prep recipes, especially those that incorporate quinoa and roasted vegetables, and offer variations in protein sources. They might appreciate suggestions that build upon their existing preferences, such as new twists on chicken Caesar salads or turkey and avocado wraps. The user may not prefer responses that suggest unhealthy or high-calorie meal prep options, or those that deviate significantly from their established healthy eating habits.",49.666473187244264,official_mem0,User is considering trying to make a brisket sandwich at home using BBQ sauce recipes,481,"I'm planning my meal prep next week, any suggestions for new recipes?",False,513
False,0862e8bf_abs,single-session-user,32,False,False,You did not mention this information. You mentioned your cat Luna but not your hamster.,49.666473187244264,official_mem0,ABSTAIN,482,What is the name of my hamster?,False,514
False,118b2229,single-session-user,32,False,False,45 minutes each way,48.43730375068844,official_mem0,No valid commute information found in memory.,446,How long is my daily commute to work?,False,478
False,1e043500,single-session-user,32,True,False,Summer Vibes,48.43730375068844,official_mem0,"User is interested in discovering new music, especially in the ambient and lo-fi genres, and is currently listening to a Summer Vibes playlist on Spotify",460,What is the name of the playlist I created on Spotify?,True,492
False,21436231,single-session-user,32,True,False,12,48.43730375068844,official_mem0,User caught 12 largemouth bass on a previous trip to Lake Michigan,449,How many largemouth bass did I catch on my fishing trip to Lake Michigan?,True,481
False,545bd2b5,single-session-user,32,True,True,2 hours,49.666473187244264,official_mem0,2 hours,461,How much screen time have I been averaging on Instagram per day?,True,493
False,577d4d32,single-session-user,32,False,False,7 pm,49.413597815146204,official_mem0,User plans to limit screen time and take breaks from the phone throughout the day,444,What time do I stop checking work emails and messages?,False,476
False,8ebdbe50,single-session-user,32,True,True,Data Science,75.95898981162463,official_mem0,Data Science,468,What certification did I complete last month?,True,500
False,b86304ba,single-session-user,32,False,False,The painting is worth triple what I paid for it.,49.413597815146204,official_mem0,User has a vinyl record of The Beatles' 'Please Please Me' that they got for $20 at a thrift store,458,How much is the painting of a sunset worth in terms of the amount I paid for it?,False,490
False,dccbc061,single-session-user,32,False,False,A staunch atheist,75.95898981162463,official_mem0,User finds the concept of synchronicity and its connection to consciousness and spirituality fascinating and is exploring scientific aspects and related theories,457,What was my previous stance on spirituality?,False,489
False,e01b8e2f,single-session-user,32,False,False,Hawaii,49.413597815146204,official_mem0,"User took a solo trip to South Beach, Florida, from June 2-4, 2023, staying in a beachfront Airbnb apartment.",456,Where did I go on a week-long trip with my family?,False,488
False,ec81a493,single-session-user,32,True,True,500,49.666473187244264,official_mem0,500,456,How many copies of my favorite artist's debut album were released worldwide?,True,488
False,faba32e5,single-session-user,32,False,False,24 hours,48.43730375068844,official_mem0,No valid record found in memory regarding how long Alex marinated the BBQ ribs in special sauce.,441,How long did Alex marinate the BBQ ribs in special sauce?,False,473
False,08e075c7,knowledge-update,32,True,True,9 months,37.70855556285824,official_mem0_odv2_selective,9 months,252,How long have I been using my Fitbit Charge 3?,True,284
False,0ddfec37_abs,knowledge-update,32,False,False,The information provided is not enough. You mentioned collecting autographed baseball but not football.,38.63644937518984,official_mem0_odv2_selective,ABSTAIN,264,How many autographed football have I added to my collection in the first three months of collection?,False,296
False,0f05491a,knowledge-update,32,False,False,120,37.70855556285824,official_mem0_odv2_selective,125 stars,254,How many stars do I need to reach the gold level on my Starbucks Rewards app?,False,286
False,10e09553,knowledge-update,32,True,True,7,38.63644937518984,official_mem0_odv2_selective,7,273,How many largemouth bass did I catch with Alex on the earlier fishing trip to Lake Michigan before the 7/22 trip?,True,305
False,2698e78f,knowledge-update,26,False,False,every week,32.46683325050981,official_mem0_odv2_selective,every two weeks,240,"How often do I see my therapist, Dr. Smith?",False,266
False,2698e78f_abs,knowledge-update,32,False,False,The information provided is not enough. You mentioned seeing Dr. Smith but not Dr. Johnson.,37.70855556285824,official_mem0_odv2_selective,ABSTAIN,249,How often do I see Dr. Johnson?,False,281
False,42ec0761,knowledge-update,26,False,False,Yes,32.46683325050981,official_mem0_odv2_selective,User has a spare screwdriver for cleaning their laptop fans,233,Do I have a spare screwdriver for opening up my laptop?,False,259
False,5c40ec5b,knowledge-update,26,True,False,We've met up twice.,32.46683325050981,official_mem0_odv2_selective,twice,240,How many times have I met up with Alex from Germany?,True,266
False,6a1eabeb,knowledge-update,26,False,False,25 minutes and 50 seconds (or 25:50),32.46683325050981,official_mem0_odv2_selective,27:12,252,What was my personal best time in the charity 5K run?,False,278
False,89941a94,knowledge-update,32,False,False,Yes. (You have a road bike too.),38.41036418452859,official_mem0_odv2_selective,"User currently has three bikes: a road bike, a mountain bike, and a commuter bike",262,"Before I purchased the gravel bike, do I have other bikes in addition to my mountain bike and my commuter bike?",False,294
False,8fb83627,knowledge-update,32,True,True,Five,37.70855556285824,official_mem0_odv2_selective,five,240,How many issues of National Geographic have I finished reading?,True,272
False,e61a7584,knowledge-update,26,False,False,9 months,32.46683325050981,official_mem0_odv2_selective,9-month-old,250,"How long have I had my cat, Luna?",False,276
False,ed4ddc30,knowledge-update,32,False,False,20,38.41036418452859,official_mem0_odv2_selective,30,249,How many dozen eggs do we currently have stocked up in our refrigerator?,False,281
False,078150f1,multi-session,32,False,False,$50,38.41036418452859,official_mem0_odv2_selective,User participated in a charity cycling event and exceeded their fundraising goal.,247,How much more money did I raise than my initial goal in the charity cycling event?,False,279
False,0a995998,multi-session,32,False,False,3,38.41036418452859,official_mem0_odv2_selective,User is using boxes to store winter clothes and keeping track of items to pick up or return using a 'To-Pickup' list and reminders,255,How many items of clothing do I need to pick up or return from a store?,False,287
False,157a136e,multi-session,32,False,False,43,37.70855556285824,official_mem0_odv2_selective,75,247,How many years older is my grandma than me?,False,279
False,1a8a66a6,multi-session,32,False,False,2,37.70855556285824,official_mem0_odv2_selective,The memory does not contain the current valid value for the number of magazine subscriptions. There is no ACTIVE or REINFORCED record related to magazine subscriptions.,239,How many magazine subscriptions do I currently have?,False,271
False,27016adc,multi-session,32,False,False,10%,38.41036418452859,official_mem0_odv2_selective,N/A,258,What percentage of the countryside property's price is the cost of the renovations I plan to do on my current house?,False,290
False,2b8f3739,multi-session,32,False,False,$495,38.41036418452859,official_mem0_odv2_selective,$345,277,What is the total amount of money I earned from selling my products at the markets?,False,309
False,37f165cf,multi-session,32,False,False,856,38.63644937518984,official_mem0_odv2_selective,440,271,What was the page count of the two novels I finished in January and March?,False,303
False,4bc144e2,multi-session,26,False,False,$65,32.46683325050981,official_mem0_odv2_selective,$15,251,How much did I spend on car wash and parking ticket?,False,277
False,4f54b7c9,multi-session,32,False,False,5,38.41036418452859,official_mem0_odv2_selective,3,256,How many antique items did I inherit or acquire from my family members?,False,288
False,55241a1f,multi-session,32,False,False,33,38.41036418452859,official_mem0_odv2_selective,No valid memory found to answer the question about the total number of comments on the recent Facebook Live session and the most popular YouTube video.,254,What is the total number of comments on my recent Facebook Live session and my most popular YouTube video?,False,286
False,60036106,multi-session,32,False,False,"12,000",38.63644937518984,official_mem0_odv2_selective,"2,000",280,What was the total number of people reached by my Facebook ad campaign and Instagram influencer collaboration?,False,312
False,60bf93ed_abs,multi-session,32,False,False,The information provided is not enough. You did not mention buying an iPad case.,38.63644937518984,official_mem0_odv2_selective,ABSTAIN,274,How many days did it take for my iPad case to arrive after I bought it?,False,306
False,67e0d0f2,multi-session,32,False,False,20,38.63644937518984,official_mem0_odv2_selective,No valid value found in memory for the total number of online courses completed.,260,What is the total number of online courses I've completed?,False,292
False,681a1674,multi-session,26,False,False,2,32.46683325050981,official_mem0_odv2_selective,Spider-Man: No Way Home,233,How many Marvel movies did I re-watch?,False,259
False,77eafa52,multi-session,26,False,False,$300,32.46683325050981,official_mem0_odv2_selective,"The corrected price for the entire trip is $2,800",243,How much more did I have to pay for the trip after the initial quote?,False,269
False,80ec1f4f_abs,multi-session,32,False,False,0. You did not mention visitng any museum in December,38.63644937518984,official_mem0_odv2_selective,ABSTAIN,255,How many different museums or galleries did I visit in December?,False,287
False,88432d0a,multi-session,32,False,False,4,37.70855556285824,official_mem0_odv2_selective,User has been using the convection setting in the oven for baking cookies,257,How many times did I bake something in the past two weeks?,False,289
False,8e91e7d9,multi-session,32,False,False,4,38.41036418452859,official_mem0_odv2_selective,"The memory provided does not contain information about the user's siblings. Therefore, I cannot determine the total number of siblings you have based on the given data.",271,What is the total number of siblings I have?,False,303
False,9aaed6a3,multi-session,26,False,False,$0.75,32.46683325050981,official_mem0_odv2_selective,1%,237,How much cashback did I earn at SaveMart last Thursday?,False,263
False,a346bb18,multi-session,32,False,False,12,37.70855556285824,official_mem0_odv2_selective,4 hours and 22 minutes,244,How many minutes did I exceed my target time by in the marathon?,False,276
False,aae3761f,multi-session,32,False,False,15 hours for getting to the three destinations (or 30 hours for the round trip),38.63644937518984,official_mem0_odv2_selective,NA,265,How many hours in total did I spend driving to my three road trip destinations combined?,False,297
False,bf659f65,multi-session,32,False,False,3,38.41036418452859,official_mem0_odv2_selective,User recently got their Tame Impala vinyl signed at the Red Rocks Amphitheatre in Colorado.,246,How many music albums or EPs have I purchased or downloaded?,False,278
False,c18a7dc8,multi-session,32,False,False,7,37.70855556285824,official_mem0_odv2_selective,25,239,How many years older am I than when I graduated from college?,False,271
False,d3ab962e,multi-session,32,False,False,8 miles,38.41036418452859,official_mem0_odv2_selective,No valid record found in memory that matches the total distance of hikes on two consecutive weekends.,246,What is the total distance of the hikes I did on two consecutive weekends?,False,278
False,d905b33f,multi-session,32,False,False,20%,38.41036418452859,official_mem0_odv2_selective,No valid discount information found in memory.,262,What percentage discount did I get on the book from my favorite author?,False,294
False,e25c3b8d,multi-session,26,False,False,$300,32.46683325050981,official_mem0_odv2_selective,User is currently using a handbag from TK Maxx,246,How much did I save on the designer handbag at TK Maxx?,False,272
False,eeda8a6d,multi-session,32,False,False,17,38.41036418452859,official_mem0_odv2_selective,18,267,How many fish are there in total in both of my aquariums?,False,299
False,gpt4_31ff4165,multi-session,32,False,False,4,38.63644937518984,official_mem0_odv2_selective,three,270,How many health-related devices do I use in a day?,False,302
False,gpt4_59c863d7,multi-session,26,False,False,"I have worked on or bought five model kits. The scales of the models are: Revell F-15 Eagle (scale not mentioned), Tamiya 1/48 scale Spitfire Mk.V, 1/16 scale German Tiger I tank, 1/72 scale B-29 bomber, and 1/24 scale '69 Camaro.",32.46683325050981,official_mem0_odv2_selective,2,275,How many model kits have I worked on or bought?,False,301
False,gpt4_ab202e7f,multi-session,26,False,False,"I replaced or fixed five items: the kitchen faucet, the kitchen mat, the toaster, the coffee maker, and the kitchen shelves.",32.46683325050981,official_mem0_odv2_selective,"User fixed kitchen shelves last weekend, making their kitchen more organized.",231,How many kitchen items did I replace or fix?,False,257
False,gpt4_f2262a51,multi-session,32,False,False,"I visited three different doctors: a primary care physician, an ENT specialist, and a dermatologist.",38.41036418452859,official_mem0_odv2_selective,User recently had a UTI and was prescribed antibiotics by Dr. Smith,254,How many different doctors did I visit?,False,286
False,06878be2,single-session-preference,32,False,False,The user would prefer suggestions of Sony-compatible accessories or high-quality photography gear that can enhance their photography experience. They may not prefer suggestions of other brands' equipment or low-quality gear.,38.63644937518984,official_mem0_odv2_selective,"Think Tank Photo, Lowepro, F-Stop Gear, Peak Design, and MindShift Gear",267,Can you suggest some accessories that would complement my current photography setup?,False,299
False,06f04340,single-session-preference,32,False,False,"The user would prefer dinner suggestions that incorporate their homegrown cherry tomatoes and herbs like basil and mint, highlighting recipes that showcase their garden produce. They might not prefer suggestions that do not utilize these specific ingredients or do not emphasize the use of homegrown elements.",38.63644937518984,official_mem0_odv2_selective,"User is interested in trying various lunch ideas such as grilled chicken and berry salad, Mediterranean mash-up, roasted veggie delight, tuna salad Niçoise, autumn",276,What should I serve for dinner this weekend with my homegrown ingredients?,False,308
False,0edc2aef,single-session-preference,32,False,False,"The user would prefer suggestions of hotels in Miami that offer great views, possibly of the ocean or the city skyline, and have unique features such as a rooftop pool or a hot tub on the balcony. They may not prefer suggestions of basic or budget hotels without these features.",38.63644937518984,official_mem0_odv2_selective,"User was recommended several hotels with great views of Seattle, including The Edgewater Hotel, Four Seasons Hotel Seattle, The Alexis Hotel, Hyatt at Olive 8",261,Can you suggest a hotel for my upcoming trip to Miami?,False,293
False,1da05512,single-session-preference,26,False,False,"The user would prefer responses that take into account their current home network storage capacity issues and recent reliance on external hard drives, highlighting the potential benefits of a NAS device in addressing these specific needs. They might not prefer responses that ignore their current storage challenges or fail to consider their recent tech upgrades and priorities. Preferred responses would utilize the user's previous mentions of storage capacity issues and tech investments to inform their decision.",32.46683325050981,official_mem0_odv2_selective,User is experiencing issues with home network storage capacity and is considering getting a NAS device,236,I'm trying to decide whether to buy a NAS device now or wait. What do you think?,False,262
False,57f827a0,single-session-preference,32,False,False,"The user would prefer responses that take into account their existing plans to replace the bedroom dresser and their interest in mid-century modern style, suggesting furniture layouts that accommodate the new dresser and incorporate elements of this design aesthetic. They might not prefer general furniture arrangement tips or suggestions that do not consider their specific design preferences.",37.70855556285824,official_mem0_odv2_selective,User is looking for mid-century modern design inspiration for a new bedroom dresser,238,I was thinking about rearranging the furniture in my bedroom this weekend. Any tips?,False,270
False,8a2466db,single-session-preference,32,False,False,"The user would prefer responses that suggest resources specifically tailored to Adobe Premiere Pro, especially those that delve into its advanced settings. They might not prefer general video editing resources or resources related to other video editing software.",38.63644937518984,official_mem0_odv2_selective,"YouTube channels, forums, websites, and specific books.",246,Can you recommend some resources where I can learn more about video editing?,False,278
False,95228167,single-session-preference,32,False,False,"The user would prefer responses that highlight the differences between Fender Stratocaster and Gibson Les Paul electric guitars, such as the feel of the neck, weight, and sound profile. They might not prefer general tips on buying an electric guitar or suggestions that do not take into account their current guitar and desired upgrade.",38.41036418452859,official_mem0_odv2_selective,User is thinking about switching from a Fender Stratocaster to a Gibson Les Paul for guitar playing.,264,I'm getting excited about my visit to the music store this weekend. Any tips on what to look for in a new guitar?,False,296
False,b6025781,single-session-preference,32,False,False,"The user would prefer responses that suggest healthy meal prep recipes, especially those that incorporate quinoa and roasted vegetables, and offer variations in protein sources. They might appreciate suggestions that build upon their existing preferences, such as new twists on chicken Caesar salads or turkey and avocado wraps. The user may not prefer responses that suggest unhealthy or high-calorie meal prep options, or those that deviate significantly from their established healthy eating habits.",38.63644937518984,official_mem0_odv2_selective,"User was recommended several lunch spots near the High Line, including Los Tacos No. 1, Num Pang, Xe Lua, The Commodore, B",282,"I'm planning my meal prep next week, any suggestions for new recipes?",False,314
False,0862e8bf_abs,single-session-user,32,False,False,You did not mention this information. You mentioned your cat Luna but not your hamster.,38.63644937518984,official_mem0_odv2_selective,ABSTAIN,272,What is the name of my hamster?,False,304
False,118b2229,single-session-user,32,False,False,45 minutes each way,37.70855556285824,official_mem0_odv2_selective,No valid commute information found in memory.,248,How long is my daily commute to work?,False,280
False,1e043500,single-session-user,32,True,False,Summer Vibes,38.41036418452859,official_mem0_odv2_selective,"User is interested in discovering new music, especially in the ambient and lo-fi genres, and is currently listening to a Summer Vibes playlist on Spotify",250,What is the name of the playlist I created on Spotify?,True,282
False,21436231,single-session-user,32,True,False,12,37.70855556285824,official_mem0_odv2_selective,User caught 12 largemouth bass on a previous trip to Lake Michigan,248,How many largemouth bass did I catch on my fishing trip to Lake Michigan?,True,280
False,545bd2b5,single-session-user,32,True,True,2 hours,37.70855556285824,official_mem0_odv2_selective,2 hours,244,How much screen time have I been averaging on Instagram per day?,True,276
False,577d4d32,single-session-user,26,False,False,7 pm,32.46683325050981,official_mem0_odv2_selective,User plans to limit screen time and take breaks from the phone throughout the day,234,What time do I stop checking work emails and messages?,False,260
False,8ebdbe50,single-session-user,32,True,True,Data Science,37.70855556285824,official_mem0_odv2_selective,Data Science,229,What certification did I complete last month?,True,261
False,b86304ba,single-session-user,26,False,False,The painting is worth triple what I paid for it.,32.46683325050981,official_mem0_odv2_selective,User has a vinyl record of The Beatles' 'Please Please Me' that they got for $20 at a thrift store,248,How much is the painting of a sunset worth in terms of the amount I paid for it?,False,274
False,dccbc061,single-session-user,32,False,False,A staunch atheist,37.70855556285824,official_mem0_odv2_selective,User is developing a greater sense of trust and faith in the universe through these practices,232,What was my previous stance on spirituality?,False,264
False,e01b8e2f,single-session-user,26,False,False,Hawaii,32.46683325050981,official_mem0_odv2_selective,User took a solo trip to the beach about a month after the mountain trip,239,Where did I go on a week-long trip with my family?,False,265
False,ec81a493,single-session-user,32,True,True,500,38.63644937518984,official_mem0_odv2_selective,500,257,How many copies of my favorite artist's debut album were released worldwide?,True,289
False,faba32e5,single-session-user,32,False,False,24 hours,37.70855556285824,official_mem0_odv2_selective,No valid record found in memory regarding the duration Alex marinated the BBQ ribs in special sauce.,248,How long did Alex marinate the BBQ ribs in special sauce?,False,280
False,08e075c7,knowledge-update,20,True,True,9 months,25.67809468746418,official_mem0_top2,9 months,252,How long have I been using my Fitbit Charge 3?,True,272
False,0ddfec37_abs,knowledge-update,32,False,False,The information provided is not enough. You mentioned collecting autographed baseball but not football.,38.80865412793355,official_mem0_top2,ABSTAIN,264,How many autographed football have I added to my collection in the first three months of collection?,False,296
False,0f05491a,knowledge-update,20,False,False,120,25.67809468746418,official_mem0_top2,125 stars,254,How many stars do I need to reach the gold level on my Starbucks Rewards app?,False,274
False,10e09553,knowledge-update,32,True,True,7,38.80865412793355,official_mem0_top2,7,273,How many largemouth bass did I catch with Alex on the earlier fishing trip to Lake Michigan before the 7/22 trip?,True,305
False,2698e78f,knowledge-update,26,False,False,every week,32.395055997767486,official_mem0_top2,every two weeks,240,"How often do I see my therapist, Dr. Smith?",False,266
False,2698e78f_abs,knowledge-update,20,False,False,The information provided is not enough. You mentioned seeing Dr. Smith but not Dr. Johnson.,25.67809468746418,official_mem0_top2,ABSTAIN,249,How often do I see Dr. Johnson?,False,269
False,42ec0761,knowledge-update,26,False,False,Yes,32.395055997767486,official_mem0_top2,User has a spare screwdriver for cleaning their laptop fans,233,Do I have a spare screwdriver for opening up my laptop?,False,259
False,5c40ec5b,knowledge-update,26,True,False,We've met up twice.,32.395055997767486,official_mem0_top2,twice,240,How many times have I met up with Alex from Germany?,True,266
False,6a1eabeb,knowledge-update,26,False,False,25 minutes and 50 seconds (or 25:50),32.395055997767486,official_mem0_top2,27:12,252,What was my personal best time in the charity 5K run?,False,278
False,89941a94,knowledge-update,31,False,False,Yes. (You have a road bike too.),37.3792436257645,official_mem0_top2,"User currently has three bikes: a road bike, a mountain bike, and a commuter bike",262,"Before I purchased the gravel bike, do I have other bikes in addition to my mountain bike and my commuter bike?",False,293
False,8fb83627,knowledge-update,20,True,True,Five,25.67809468746418,official_mem0_top2,five,240,How many issues of National Geographic have I finished reading?,True,260
False,e61a7584,knowledge-update,26,False,False,9 months,32.395055997767486,official_mem0_top2,9-month-old,250,"How long have I had my cat, Luna?",False,276
False,ed4ddc30,knowledge-update,31,False,False,20,37.3792436257645,official_mem0_top2,30,249,How many dozen eggs do we currently have stocked up in our refrigerator?,False,280
False,078150f1,multi-session,26,False,False,$50,32.395055997767486,official_mem0_top2,$250,240,How much more money did I raise than my initial goal in the charity cycling event?,False,266
False,0a995998,multi-session,26,False,False,3,32.395055997767486,official_mem0_top2,items they need to pick up or return,245,How many items of clothing do I need to pick up or return from a store?,False,271
False,157a136e,multi-session,31,False,False,43,37.3792436257645,official_mem0_top2,75,250,How many years older is my grandma than me?,False,281
False,1a8a66a6,multi-session,20,False,False,2,25.67809468746418,official_mem0_top2,No information available about magazine subscriptions.,239,How many magazine subscriptions do I currently have?,False,259
False,27016adc,multi-session,32,False,False,10%,38.80865412793355,official_mem0_top2,"User is planning renovations including a deck and patio, and is concerned about the impact on property taxes",252,What percentage of the countryside property's price is the cost of the renovations I plan to do on my current house?,False,284
False,2b8f3739,multi-session,31,False,False,$495,37.3792436257645,official_mem0_top2,$345,277,What is the total amount of money I earned from selling my products at the markets?,False,308
False,37f165cf,multi-session,32,False,False,856,38.80865412793355,official_mem0_top2,440,276,What was the page count of the two novels I finished in January and March?,False,308
False,4bc144e2,multi-session,32,False,False,$65,38.80865412793355,official_mem0_top2,$15,285,How much did I spend on car wash and parking ticket?,False,317
False,4f54b7c9,multi-session,31,False,False,5,37.3792436257645,official_mem0_top2,3,256,How many antique items did I inherit or acquire from my family members?,False,287
False,55241a1f,multi-session,31,False,False,33,37.3792436257645,official_mem0_top2,12,249,What is the total number of comments on my recent Facebook Live session and my most popular YouTube video?,False,280
False,60036106,multi-session,20,False,False,"12,000",25.67809468746418,official_mem0_top2,"2,000",251,What was the total number of people reached by my Facebook ad campaign and Instagram influencer collaboration?,False,271
False,60bf93ed_abs,multi-session,32,False,False,The information provided is not enough. You did not mention buying an iPad case.,38.80865412793355,official_mem0_top2,ABSTAIN,274,How many days did it take for my iPad case to arrive after I bought it?,False,306
False,67e0d0f2,multi-session,20,False,False,20,25.67809468746418,official_mem0_top2,User has already built a solid foundation in data analysis through online courses on edX,246,What is the total number of online courses I've completed?,False,266
False,681a1674,multi-session,20,False,False,2,25.67809468746418,official_mem0_top2,User is interested in Marvel movies and re-watched Spider-Man: No Way Home.,252,How many Marvel movies did I re-watch?,False,272
False,77eafa52,multi-session,26,False,False,$300,32.395055997767486,official_mem0_top2,"The corrected price for the entire trip is $2,800",237,How much more did I have to pay for the trip after the initial quote?,False,263
False,80ec1f4f_abs,multi-session,32,False,False,0. You did not mention visitng any museum in December,38.80865412793355,official_mem0_top2,ABSTAIN,255,How many different museums or galleries did I visit in December?,False,287
False,88432d0a,multi-session,31,False,False,4,37.3792436257645,official_mem0_top2,User has been using the convection setting in the oven for baking cookies,257,How many times did I bake something in the past two weeks?,False,288
False,8e91e7d9,multi-session,31,False,False,4,37.3792436257645,official_mem0_top2,"The memory provided does not contain information about the user's siblings. Therefore, I cannot determine the total number of siblings the user has from this memory.",275,What is the total number of siblings I have?,False,306
False,9aaed6a3,multi-session,26,False,False,$0.75,32.395055997767486,official_mem0_top2,1%,237,How much cashback did I earn at SaveMart last Thursday?,False,263
False,a346bb18,multi-session,20,False,False,12,25.67809468746418,official_mem0_top2,NA,251,How many minutes did I exceed my target time by in the marathon?,False,271
False,aae3761f,multi-session,32,False,False,15 hours for getting to the three destinations (or 30 hours for the round trip),38.80865412793355,official_mem0_top2,NA,265,How many hours in total did I spend driving to my three road trip destinations combined?,False,297
False,bf659f65,multi-session,31,False,False,3,37.3792436257645,official_mem0_top2,User recently got their Tame Impala vinyl signed at the Red Rocks Amphitheatre in Colorado.,246,How many music albums or EPs have I purchased or downloaded?,False,277
False,c18a7dc8,multi-session,20,False,False,7,25.67809468746418,official_mem0_top2,25,238,How many years older am I than when I graduated from college?,False,258
False,d3ab962e,multi-session,31,False,False,8 miles,37.3792436257645,official_mem0_top2,No valid record found in memory that matches the total distance of hikes on two consecutive weekends.,246,What is the total distance of the hikes I did on two consecutive weekends?,False,277
False,d905b33f,multi-session,31,False,False,20%,37.3792436257645,official_mem0_top2,No valid discount information found in memory.,262,What percentage discount did I get on the book from my favorite author?,False,293
False,e25c3b8d,multi-session,31,False,False,$300,37.3792436257645,official_mem0_top2,No valid value found in memory for the savings on a designer handbag at TK Maxx.,258,How much did I save on the designer handbag at TK Maxx?,False,289
False,eeda8a6d,multi-session,31,False,False,17,37.3792436257645,official_mem0_top2,18,267,How many fish are there in total in both of my aquariums?,False,298
False,gpt4_31ff4165,multi-session,32,False,False,4,38.80865412793355,official_mem0_top2,three,270,How many health-related devices do I use in a day?,False,302
False,gpt4_59c863d7,multi-session,26,False,False,"I have worked on or bought five model kits. The scales of the models are: Revell F-15 Eagle (scale not mentioned), Tamiya 1/48 scale Spitfire Mk.V, 1/16 scale German Tiger I tank, 1/72 scale B-29 bomber, and 1/24 scale '69 Camaro.",32.395055997767486,official_mem0_top2,2,275,How many model kits have I worked on or bought?,False,301
False,gpt4_ab202e7f,multi-session,26,False,False,"I replaced or fixed five items: the kitchen faucet, the kitchen mat, the toaster, the coffee maker, and the kitchen shelves.",32.395055997767486,official_mem0_top2,"User fixed kitchen shelves last weekend, making their kitchen more organized.",231,How many kitchen items did I replace or fix?,False,257
False,gpt4_f2262a51,multi-session,31,False,False,"I visited three different doctors: a primary care physician, an ENT specialist, and a dermatologist.",37.3792436257645,official_mem0_top2,User recently had a UTI and was prescribed antibiotics by Dr. Smith,254,How many different doctors did I visit?,False,285
False,06878be2,single-session-preference,32,False,False,The user would prefer suggestions of Sony-compatible accessories or high-quality photography gear that can enhance their photography experience. They may not prefer suggestions of other brands' equipment or low-quality gear.,38.80865412793355,official_mem0_top2,"Think Tank Photo, Lowepro, F-Stop Gear, Peak Design, and MindShift Gear",267,Can you suggest some accessories that would complement my current photography setup?,False,299
False,06f04340,single-session-preference,32,False,False,"The user would prefer dinner suggestions that incorporate their homegrown cherry tomatoes and herbs like basil and mint, highlighting recipes that showcase their garden produce. They might not prefer suggestions that do not utilize these specific ingredients or do not emphasize the use of homegrown elements.",38.80865412793355,official_mem0_top2,"User is interested in trying various lunch ideas such as grilled chicken and berry salad, Mediterranean mash-up, roasted veggie delight, tuna salad Niçoise, autumn",276,What should I serve for dinner this weekend with my homegrown ingredients?,False,308
False,0edc2aef,single-session-preference,32,False,False,"The user would prefer suggestions of hotels in Miami that offer great views, possibly of the ocean or the city skyline, and have unique features such as a rooftop pool or a hot tub on the balcony. They may not prefer suggestions of basic or budget hotels without these features.",38.80865412793355,official_mem0_top2,"User was recommended several hotels with great views of Seattle, including The Edgewater Hotel, Four Seasons Hotel Seattle, The Alexis Hotel, Hyatt at Olive 8",261,Can you suggest a hotel for my upcoming trip to Miami?,False,293
False,1da05512,single-session-preference,26,False,False,"The user would prefer responses that take into account their current home network storage capacity issues and recent reliance on external hard drives, highlighting the potential benefits of a NAS device in addressing these specific needs. They might not prefer responses that ignore their current storage challenges or fail to consider their recent tech upgrades and priorities. Preferred responses would utilize the user's previous mentions of storage capacity issues and tech investments to inform their decision.",32.395055997767486,official_mem0_top2,User is experiencing issues with home network storage capacity and is considering getting a NAS device,236,I'm trying to decide whether to buy a NAS device now or wait. What do you think?,False,262
False,57f827a0,single-session-preference,26,False,False,"The user would prefer responses that take into account their existing plans to replace the bedroom dresser and their interest in mid-century modern style, suggesting furniture layouts that accommodate the new dresser and incorporate elements of this design aesthetic. They might not prefer general furniture arrangement tips or suggestions that do not consider their specific design preferences.",32.395055997767486,official_mem0_top2,User is looking for mid-century modern design inspiration for a new bedroom dresser,238,I was thinking about rearranging the furniture in my bedroom this weekend. Any tips?,False,264
False,8a2466db,single-session-preference,32,False,False,"The user would prefer responses that suggest resources specifically tailored to Adobe Premiere Pro, especially those that delve into its advanced settings. They might not prefer general video editing resources or resources related to other video editing software.",38.80865412793355,official_mem0_top2,"YouTube channels, forums, websites, and specific books.",246,Can you recommend some resources where I can learn more about video editing?,False,278
False,95228167,single-session-preference,31,False,False,"The user would prefer responses that highlight the differences between Fender Stratocaster and Gibson Les Paul electric guitars, such as the feel of the neck, weight, and sound profile. They might not prefer general tips on buying an electric guitar or suggestions that do not take into account their current guitar and desired upgrade.",37.3792436257645,official_mem0_top2,User is thinking about switching from a Fender Stratocaster to a Gibson Les Paul for guitar playing.,264,I'm getting excited about my visit to the music store this weekend. Any tips on what to look for in a new guitar?,False,295
False,b6025781,single-session-preference,32,False,False,"The user would prefer responses that suggest healthy meal prep recipes, especially those that incorporate quinoa and roasted vegetables, and offer variations in protein sources. They might appreciate suggestions that build upon their existing preferences, such as new twists on chicken Caesar salads or turkey and avocado wraps. The user may not prefer responses that suggest unhealthy or high-calorie meal prep options, or those that deviate significantly from their established healthy eating habits.",38.80865412793355,official_mem0_top2,"User was recommended several lunch spots near the High Line, including Los Tacos No. 1, Num Pang, Xe Lua, The Commodore, B",282,"I'm planning my meal prep next week, any suggestions for new recipes?",False,314
False,0862e8bf_abs,single-session-user,32,False,False,You did not mention this information. You mentioned your cat Luna but not your hamster.,38.80865412793355,official_mem0_top2,ABSTAIN,272,What is the name of my hamster?,False,304
False,118b2229,single-session-user,20,False,False,45 minutes each way,25.67809468746418,official_mem0_top2,No valid commute information found in memory.,248,How long is my daily commute to work?,False,268
False,1e043500,single-session-user,31,True,False,Summer Vibes,37.3792436257645,official_mem0_top2,"User is interested in discovering new music, especially in the ambient and lo-fi genres, and is currently listening to a Summer Vibes playlist on Spotify",250,What is the name of the playlist I created on Spotify?,True,281
False,21436231,single-session-user,20,True,False,12,25.67809468746418,official_mem0_top2,User caught 12 largemouth bass on a previous trip to Lake Michigan,248,How many largemouth bass did I catch on my fishing trip to Lake Michigan?,True,268
False,545bd2b5,single-session-user,20,True,True,2 hours,25.67809468746418,official_mem0_top2,2 hours,244,How much screen time have I been averaging on Instagram per day?,True,264
False,577d4d32,single-session-user,26,False,False,7 pm,32.395055997767486,official_mem0_top2,User plans to limit screen time and take breaks from the phone throughout the day,234,What time do I stop checking work emails and messages?,False,260
False,8ebdbe50,single-session-user,20,True,True,Data Science,25.67809468746418,official_mem0_top2,Data Science,229,What certification did I complete last month?,True,249
False,b86304ba,single-session-user,26,False,False,The painting is worth triple what I paid for it.,32.395055997767486,official_mem0_top2,User has a vinyl record of The Beatles' 'Please Please Me' that they got for $20 at a thrift store,248,How much is the painting of a sunset worth in terms of the amount I paid for it?,False,274
False,dccbc061,single-session-user,20,False,False,A staunch atheist,25.67809468746418,official_mem0_top2,User is developing a greater sense of trust and faith in the universe through these practices,232,What was my previous stance on spirituality?,False,252
False,e01b8e2f,single-session-user,26,False,False,Hawaii,32.395055997767486,official_mem0_top2,User took a solo trip to the beach about a month after the mountain trip,239,Where did I go on a week-long trip with my family?,False,265
False,ec81a493,single-session-user,32,True,True,500,38.80865412793355,official_mem0_top2,500,257,How many copies of my favorite artist's debut album were released worldwide?,True,289
False,faba32e5,single-session-user,20,False,False,24 hours,25.67809468746418,official_mem0_top2,No valid record found in memory regarding the duration Alex marinated the BBQ ribs in special sauce.,248,How long did Alex marinate the BBQ ribs in special sauce?,False,268
False,08e075c7,knowledge-update,30,True,True,9 months,39.9461518136377,official_mem0_top3,9 months,316,How long have I been using my Fitbit Charge 3?,True,346
False,0ddfec37_abs,knowledge-update,32,False,False,The information provided is not enough. You mentioned collecting autographed baseball but not football.,42.442114812729415,official_mem0_top3,ABSTAIN,326,How many autographed football have I added to my collection in the first three months of collection?,False,358
False,0f05491a,knowledge-update,26,False,False,120,34.42348293538089,official_mem0_top3,125 stars,325,How many stars do I need to reach the gold level on my Starbucks Rewards app?,False,351
False,10e09553,knowledge-update,32,True,True,7,42.442114812729415,official_mem0_top3,7,341,How many largemouth bass did I catch with Alex on the earlier fishing trip to Lake Michigan before the 7/22 trip?,True,373
False,2698e78f,knowledge-update,26,False,False,every week,34.42348293538089,official_mem0_top3,every two weeks,303,"How often do I see my therapist, Dr. Smith?",False,329
False,2698e78f_abs,knowledge-update,30,False,False,The information provided is not enough. You mentioned seeing Dr. Smith but not Dr. Johnson.,39.9461518136377,official_mem0_top3,ABSTAIN,327,How often do I see Dr. Johnson?,False,357
False,42ec0761,knowledge-update,26,False,False,Yes,34.42348293538089,official_mem0_top3,User has a spare screwdriver for cleaning their laptop fans,296,Do I have a spare screwdriver for opening up my laptop?,False,322
False,5c40ec5b,knowledge-update,30,True,False,We've met up twice.,39.9461518136377,official_mem0_top3,twice,311,How many times have I met up with Alex from Germany?,True,341
False,6a1eabeb,knowledge-update,26,False,False,25 minutes and 50 seconds (or 25:50),34.42348293538089,official_mem0_top3,27:12,314,What was my personal best time in the charity 5K run?,False,340
False,89941a94,knowledge-update,32,False,False,Yes. (You have a road bike too.),41.28550618770532,official_mem0_top3,"User currently has three bikes: a road bike, a mountain bike, and a commuter bike",331,"Before I purchased the gravel bike, do I have other bikes in addition to my mountain bike and my commuter bike?",False,363
False,8fb83627,knowledge-update,26,True,True,Five,34.42348293538089,official_mem0_top3,five,301,How many issues of National Geographic have I finished reading?,True,327
False,e61a7584,knowledge-update,26,False,False,9 months,34.42348293538089,official_mem0_top3,9-month-old,312,"How long have I had my cat, Luna?",False,338
False,ed4ddc30,knowledge-update,32,False,False,20,41.28550618770532,official_mem0_top3,30,318,How many dozen eggs do we currently have stocked up in our refrigerator?,False,350
False,078150f1,multi-session,26,False,False,$50,34.42348293538089,official_mem0_top3,$250,300,How much more money did I raise than my initial goal in the charity cycling event?,False,326
False,0a995998,multi-session,30,False,False,3,39.9461518136377,official_mem0_top3,items they need to pick up or return,316,How many items of clothing do I need to pick up or return from a store?,False,346
False,157a136e,multi-session,30,False,False,43,39.9461518136377,official_mem0_top3,75,312,How many years older is my grandma than me?,False,342
False,1a8a66a6,multi-session,32,False,False,2,41.28550618770532,official_mem0_top3,None,323,How many magazine subscriptions do I currently have?,False,355
False,27016adc,multi-session,32,False,False,10%,42.442114812729415,official_mem0_top3,"The assessed value of a property is determined by factors such as location, property features, and market trends",321,What percentage of the countryside property's price is the cost of the renovations I plan to do on my current house?,False,353
False,2b8f3739,multi-session,30,False,False,$495,39.9461518136377,official_mem0_top3,$120,348,What is the total amount of money I earned from selling my products at the markets?,False,378
False,37f165cf,multi-session,32,False,False,856,42.442114812729415,official_mem0_top3,440,354,What was the page count of the two novels I finished in January and March?,False,386
False,4bc144e2,multi-session,30,False,False,$65,39.9461518136377,official_mem0_top3,$15,349,How much did I spend on car wash and parking ticket?,False,379
False,4f54b7c9,multi-session,32,False,False,5,41.28550618770532,official_mem0_top3,4,322,How many antique items did I inherit or acquire from my family members?,False,354
False,55241a1f,multi-session,32,False,False,33,42.442114812729415,official_mem0_top3,12,333,What is the total number of comments on my recent Facebook Live session and my most popular YouTube video?,False,365
False,60036106,multi-session,30,False,False,"12,000",39.9461518136377,official_mem0_top3,"2,000",322,What was the total number of people reached by my Facebook ad campaign and Instagram influencer collaboration?,False,352
False,60bf93ed_abs,multi-session,32,False,False,The information provided is not enough. You did not mention buying an iPad case.,42.442114812729415,official_mem0_top3,ABSTAIN,336,How many days did it take for my iPad case to arrive after I bought it?,False,368
False,67e0d0f2,multi-session,32,False,False,20,41.28550618770532,official_mem0_top3,User has already built a solid foundation in data analysis through online courses on edX,319,What is the total number of online courses I've completed?,False,351
False,681a1674,multi-session,26,False,False,2,34.42348293538089,official_mem0_top3,User is interested in Marvel movies and re-watched Spider-Man: No Way Home.,314,How many Marvel movies did I re-watch?,False,340
False,77eafa52,multi-session,26,False,False,$300,34.42348293538089,official_mem0_top3,"The corrected price for the entire trip is $2,800",303,How much more did I have to pay for the trip after the initial quote?,False,329
False,80ec1f4f_abs,multi-session,32,False,False,0. You did not mention visitng any museum in December,42.442114812729415,official_mem0_top3,ABSTAIN,339,How many different museums or galleries did I visit in December?,False,371
False,88432d0a,multi-session,26,False,False,4,34.42348293538089,official_mem0_top3,User has been using the convection setting in the oven for baking cookies,316,How many times did I bake something in the past two weeks?,False,342
False,8e91e7d9,multi-session,32,False,False,4,42.442114812729415,official_mem0_top3,"The memory provided does not contain any information about the user's siblings. Therefore, based on the available data, I cannot determine the total number of siblings you have",362,What is the total number of siblings I have?,False,394
False,9aaed6a3,multi-session,26,False,False,$0.75,34.42348293538089,official_mem0_top3,1%,309,How much cashback did I earn at SaveMart last Thursday?,False,335
False,a346bb18,multi-session,32,False,False,12,41.28550618770532,official_mem0_top3,The memory does not contain the specific time exceeded for the marathon. All provided records are about the user's marathon completion time and future plans but do not detail the,321,How many minutes did I exceed my target time by in the marathon?,False,353
False,aae3761f,multi-session,32,False,False,15 hours for getting to the three destinations (or 30 hours for the round trip),41.28550618770532,official_mem0_top3,No valid record found in memory related to the total hours spent driving to road trip destinations.,327,How many hours in total did I spend driving to my three road trip destinations combined?,False,359
False,bf659f65,multi-session,32,False,False,3,41.28550618770532,official_mem0_top3,User recently got their Tame Impala vinyl signed at the Red Rocks Amphitheatre in Colorado.,314,How many music albums or EPs have I purchased or downloaded?,False,346
False,c18a7dc8,multi-session,30,False,False,7,39.9461518136377,official_mem0_top3,25,302,How many years older am I than when I graduated from college?,False,332
False,d3ab962e,multi-session,32,False,False,8 miles,41.28550618770532,official_mem0_top3,No valid record found in memory related to the total distance of hikes on two consecutive weekends.,315,What is the total distance of the hikes I did on two consecutive weekends?,False,347
False,d905b33f,multi-session,32,False,False,20%,41.28550618770532,official_mem0_top3,No valid discount information found in memory.,332,What percentage discount did I get on the book from my favorite author?,False,364
False,e25c3b8d,multi-session,32,False,False,$300,41.28550618770532,official_mem0_top3,No valid value found in memory for the amount saved on the designer handbag at TK Maxx.,331,How much did I save on the designer handbag at TK Maxx?,False,363
False,eeda8a6d,multi-session,32,False,False,17,41.28550618770532,official_mem0_top3,15,340,How many fish are there in total in both of my aquariums?,False,372
False,gpt4_31ff4165,multi-session,32,False,False,4,42.442114812729415,official_mem0_top3,three,355,How many health-related devices do I use in a day?,False,387
False,gpt4_59c863d7,multi-session,30,False,False,"I have worked on or bought five model kits. The scales of the models are: Revell F-15 Eagle (scale not mentioned), Tamiya 1/48 scale Spitfire Mk.V, 1/16 scale German Tiger I tank, 1/72 scale B-29 bomber, and 1/24 scale '69 Camaro.",39.9461518136377,official_mem0_top3,4,354,How many model kits have I worked on or bought?,False,384
False,gpt4_ab202e7f,multi-session,26,False,False,"I replaced or fixed five items: the kitchen faucet, the kitchen mat, the toaster, the coffee maker, and the kitchen shelves.",34.42348293538089,official_mem0_top3,3,310,How many kitchen items did I replace or fix?,False,336
False,gpt4_f2262a51,multi-session,32,False,False,"I visited three different doctors: a primary care physician, an ENT specialist, and a dermatologist.",42.442114812729415,official_mem0_top3,3,346,How many different doctors did I visit?,False,378
False,06878be2,single-session-preference,32,False,False,The user would prefer suggestions of Sony-compatible accessories or high-quality photography gear that can enhance their photography experience. They may not prefer suggestions of other brands' equipment or low-quality gear.,42.442114812729415,official_mem0_top3,"Think Tank Photo Flash Pouch, Lowepro Flash Pouch, and Vello Flash Pouch",350,Can you suggest some accessories that would complement my current photography setup?,False,382
False,06f04340,single-session-preference,32,False,False,"The user would prefer dinner suggestions that incorporate their homegrown cherry tomatoes and herbs like basil and mint, highlighting recipes that showcase their garden produce. They might not prefer suggestions that do not utilize these specific ingredients or do not emphasize the use of homegrown elements.",42.442114812729415,official_mem0_top3,"User is interested in trying various lunch ideas such as grilled chicken and berry salad, Mediterranean mash-up, roasted veggie delight, tuna salad Niçoise, autumn",344,What should I serve for dinner this weekend with my homegrown ingredients?,False,376
False,0edc2aef,single-session-preference,32,False,False,"The user would prefer suggestions of hotels in Miami that offer great views, possibly of the ocean or the city skyline, and have unique features such as a rooftop pool or a hot tub on the balcony. They may not prefer suggestions of basic or budget hotels without these features.",42.442114812729415,official_mem0_top3,User is planning a trip to Seattle and needs help finding a hotel with a great view of the city,330,Can you suggest a hotel for my upcoming trip to Miami?,False,362
False,1da05512,single-session-preference,30,False,False,"The user would prefer responses that take into account their current home network storage capacity issues and recent reliance on external hard drives, highlighting the potential benefits of a NAS device in addressing these specific needs. They might not prefer responses that ignore their current storage challenges or fail to consider their recent tech upgrades and priorities. Preferred responses would utilize the user's previous mentions of storage capacity issues and tech investments to inform their decision.",39.9461518136377,official_mem0_top3,User is experiencing issues with home network storage capacity and is considering getting a NAS device,308,I'm trying to decide whether to buy a NAS device now or wait. What do you think?,False,338
False,57f827a0,single-session-preference,30,False,False,"The user would prefer responses that take into account their existing plans to replace the bedroom dresser and their interest in mid-century modern style, suggesting furniture layouts that accommodate the new dresser and incorporate elements of this design aesthetic. They might not prefer general furniture arrangement tips or suggestions that do not consider their specific design preferences.",39.9461518136377,official_mem0_top3,"Walnut is a classic choice for mid-century modern furniture, known for its rich, dark brown color and distinctive grain pattern",312,I was thinking about rearranging the furniture in my bedroom this weekend. Any tips?,False,342
False,8a2466db,single-session-preference,32,False,False,"The user would prefer responses that suggest resources specifically tailored to Adobe Premiere Pro, especially those that delve into its advanced settings. They might not prefer general video editing resources or resources related to other video editing software.",42.442114812729415,official_mem0_top3,"User was recommended online resources for photography techniques and camera maintenance, including YouTube channels, forums, websites, and specific books.",326,Can you recommend some resources where I can learn more about video editing?,False,358
False,95228167,single-session-preference,32,False,False,"The user would prefer responses that highlight the differences between Fender Stratocaster and Gibson Les Paul electric guitars, such as the feel of the neck, weight, and sound profile. They might not prefer general tips on buying an electric guitar or suggestions that do not take into account their current guitar and desired upgrade.",41.28550618770532,official_mem0_top3,User is thinking about switching from a Fender Stratocaster to a Gibson Les Paul for guitar playing.,334,I'm getting excited about my visit to the music store this weekend. Any tips on what to look for in a new guitar?,False,366
False,b6025781,single-session-preference,32,False,False,"The user would prefer responses that suggest healthy meal prep recipes, especially those that incorporate quinoa and roasted vegetables, and offer variations in protein sources. They might appreciate suggestions that build upon their existing preferences, such as new twists on chicken Caesar salads or turkey and avocado wraps. The user may not prefer responses that suggest unhealthy or high-calorie meal prep options, or those that deviate significantly from their established healthy eating habits.",42.442114812729415,official_mem0_top3,User is considering trying to make a brisket sandwich at home using BBQ sauce recipes,346,"I'm planning my meal prep next week, any suggestions for new recipes?",False,378
False,0862e8bf_abs,single-session-user,32,False,False,You did not mention this information. You mentioned your cat Luna but not your hamster.,41.28550618770532,official_mem0_top3,ABSTAIN,338,What is the name of my hamster?,False,370
False,118b2229,single-session-user,26,False,False,45 minutes each way,34.42348293538089,official_mem0_top3,No valid commute information found in memory.,311,How long is my daily commute to work?,False,337
False,1e043500,single-session-user,30,True,False,Summer Vibes,39.9461518136377,official_mem0_top3,"User is interested in discovering new music, especially in the ambient and lo-fi genres, and is currently listening to a Summer Vibes playlist on Spotify",320,What is the name of the playlist I created on Spotify?,True,350
False,21436231,single-session-user,30,True,False,12,39.9461518136377,official_mem0_top3,User caught 12 largemouth bass on a previous trip to Lake Michigan,319,How many largemouth bass did I catch on my fishing trip to Lake Michigan?,True,349
False,545bd2b5,single-session-user,30,True,True,2 hours,39.9461518136377,official_mem0_top3,2 hours,320,How much screen time have I been averaging on Instagram per day?,True,350
False,577d4d32,single-session-user,26,False,False,7 pm,34.42348293538089,official_mem0_top3,User plans to limit screen time and take breaks from the phone throughout the day,301,What time do I stop checking work emails and messages?,False,327
False,8ebdbe50,single-session-user,32,True,True,Data Science,42.442114812729415,official_mem0_top3,Data Science,315,What certification did I complete last month?,True,347
False,b86304ba,single-session-user,26,False,False,The painting is worth triple what I paid for it.,34.42348293538089,official_mem0_top3,User has a vinyl record of The Beatles' 'Please Please Me' that they got for $20 at a thrift store,316,How much is the painting of a sunset worth in terms of the amount I paid for it?,False,342
False,dccbc061,single-session-user,32,False,False,A staunch atheist,41.28550618770532,official_mem0_top3,User finds the concept of synchronicity and its connection to consciousness and spirituality fascinating and is exploring scientific aspects and related theories,302,What was my previous stance on spirituality?,False,334
False,e01b8e2f,single-session-user,26,False,False,Hawaii,34.42348293538089,official_mem0_top3,"User had a weekend getaway to the mountains with friends in early May 2023, involving hiking and exploring.",311,Where did I go on a week-long trip with my family?,False,337
False,ec81a493,single-session-user,32,True,True,500,41.28550618770532,official_mem0_top3,500,322,How many copies of my favorite artist's debut album were released worldwide?,True,354
False,faba32e5,single-session-user,30,False,False,24 hours,39.9461518136377,official_mem0_top3,No valid record found in memory regarding how long Alex marinated the BBQ ribs in special sauce.,314,How long did Alex marinate the BBQ ribs in special sauce?,False,344
